Nombres;Apellidos;Email;Status;Ultimo acceso;Espacio uso;
Nombre 1;Apellido_1;NApellido_1@gmail.com;Activo;19/04/2024 19:42;97.62GB;
Nombre 2;Apellido_2;NApellido_2@gmail.com;Activo;19/04/2024 19:42;51.87GB;
Nombre 3;Apellido_3;NApellido_3@gmail.com;Activo;19/04/2024 19:42;46.35GB;
Nombre 4;Apellido_4;NApellido_4@gmail.com;Activo;19/04/2024 19:42;84.3GB;
Nombre 5;Apellido_5;NApellido_5@gmail.com;Activo;19/04/2024 19:42;84.86GB;
Nombre 6;Apellido_6;NApellido_6@gmail.com;Activo;19/04/2024 19:42;32.96GB;
Nombre 7;Apellido_7;NApellido_7@gmail.com;Activo;19/04/2024 19:42;81.95GB;
Nombre 8;Apellido_8;NApellido_8@gmail.com;Activo;19/04/2024 19:42;64.96GB;
Nombre 9;Apellido_9;NApellido_9@gmailcom;Activo;19/04/2024 19:42;87.73GB;
Nombre 10;Apellido_10;NApellido_10@gmail.com;Activo;19/04/2024 19:42;4.73GB;
Nombre 11;Apellido_11;NApellido_11@gmail.com;Activo;19/04/2024 19:42;72GB;
Nombre 12;Apellido_12;NApellido_12@gmail.com;Activo;19/04/2024 19:42;44.51GB;
Nombre 13;Apellido_13;NApellido_13@gmail.com;Activo;19/04/2024 19:42;37.01GB;
Nombre 14;Apellido_14;NApellido_14@gmail.com;Activo;19/04/2024 19:42;74.51GB;
Nombre 15;Apellido_15;NApellido_15@gmail.com;Activo;19/04/2024 19:42;20.37GB;
Nombre 16;Apellido_16;NApellido_16@gmail.com;Activo;19/04/2024 19:42;89.25GB;
Nombre 17;Apellido_17;NApellido_17@gmail.com;Activo;19/04/2024 19:42;11.7GB;
Nombre 18;Apellido_18;NApellido_18@gmail.com;Activo;19/04/2024 19:42;96.2GB;
Nombre 19;Apellido_19;NApellido_19@gmail.com;Activo;19/04/2024 19:42;80.73GB;
Nombre 20;Apellido_20;NApellido_20@gmail.com;Activo;19/04/2024 19:42;22.95GB;
Nombre 21;Apellido_21;NApellido_21@gmail.com;Activo;19/04/2024 19:42;38.84GB;
Nombre 22;Apellido_22;NApellido_22@gmail.com;Activo;19/04/2024 19:42;36.89GB;
Nombre 23;Apellido_23;NApellido_23@gmail.com;Activo;19/04/2024 19:42;55.2GB;
Nombre 24;Apellido_24;NApellido_24@gmail.com;Activo;19/04/2024 19:42;61.86GB;
Nombre 25;Apellido_25;NApellido_25@gmail.com;Activo;19/04/2024 19:42;36.3GB;
Nombre 26;Apellido_26;NApellido_26@gmail.com;Activo;19/04/2024 19:42;98.19GB;
Nombre 27;Apellido_27;NApellido_27@gmail.com;Activo;19/04/2024 19:42;60.24GB;
Nombre 28;Apellido_28;NApellido_28@gmail.com;Activo;19/04/2024 19:42;26.98GB;
Nombre 29;Apellido_29;NApellido_29@gmail.com;Activo;19/04/2024 19:42;2.05GB;
Nombre 30;Apellido_30;NApellido_30@gmail.com;Activo;19/04/2024 19:42;39.21GB;
Nombre 31;Apellido_31;NApellido_31@gmail.com;Activo;19/04/2024 19:42;52.43GB;
Nombre 32;Apellido_32;NApellido_32@gmail.com;Activo;19/04/2024 19:42;59.55GB;
Nombre 33;Apellido_33;NApellido_33@gmail.com;Activo;19/04/2024 19:42;89.36GB;
Nombre 34;Apellido_34;NApellido_34@gmail.com;Activo;19/04/2024 19:42;55.98GB;
Nombre 35;Apellido_35;NApellido_35@gmail.com;Activo;19/04/2024 19:42;27.54GB;
Nombre 36;Apellido_36;NApellido_36@gmail.com;Activo;19/04/2024 19:42;95.36GB;
Nombre 37;Apellido_37;NApellido_37@gmail.com;Activo;19/04/2024 19:42;27.79GB;
Nombre 38;Apellido_38;NApellido_38@gmail.com;Activo;19/04/2024 19:42;30.74GB;
Nombre 39;Apellido_39;NApellido_39@gmail.com;Activo;19/04/2024 19:42;3.09GB;
Nombre 40;Apellido_40;NApellido_40@gmail.com;Activo;19/04/2024 19:42;31.63GB;
Nombre 41;Apellido_41;NApellido_41@gmail.com;Activo;19/04/2024 19:42;53.08GB;
Nombre 42;Apellido_42;NApellido_42@gmail.com;Activo;19/04/2024 19:42;6.27GB;
Nombre 43;Apellido_43;NApellido_43@gmail.com;Activo;19/04/2024 19:42;25GB;
Nombre 44;Apellido_44;NApellido_44@gmail.com;Activo;19/04/2024 19:42;55.85GB;
Nombre 45;Apellido_45;NApellido_45@gmail.com;Activo;19/04/2024 19:42;52.51GB;
Nombre 46;Apellido_46;NApellido_46@gmail.com;Activo;19/04/2024 19:42;91.43GB;
Nombre 47;Apellido_47;NApellido_47@gmail.com;Activo;19/04/2024 19:42;13.06GB;
Nombre 48;Apellido_48;NApellido_48@gmail.com;Activo;19/04/2024 19:42;71.98GB;
Nombre 49;Apellido_49;NApellido_49@gmail.com;Activo;19/04/2024 19:42;40.19GB;
Nombre 50;Apellido_50;NApellido_50@gmail.com;Activo;19/04/2024 19:42;44.38GB;
Nombre 51;Apellido_51;NApellido_51@gmail.com;Activo;19/04/2024 19:42;93.53GB;
Nombre 52;Apellido_52;NApellido_52@gmail.com;Activo;19/04/2024 19:42;3.74GB;
Nombre 53;Apellido_53;NApellido_53@gmail.com;Activo;19/04/2024 19:42;32.31GB;
Nombre 54;Apellido_54;NApellido_54@gmail.com;Activo;19/04/2024 19:42;47.2GB;
Nombre 55;Apellido_55;NApellido_55@gmail.com;Activo;19/04/2024 19:42;79.58GB;
Nombre 56;Apellido_56;NApellido_56@gmail.com;Activo;19/04/2024 19:42;59.54GB;
Nombre 57;Apellido_57;NApellido_57@gmail.com;Activo;19/04/2024 19:42;34.73GB;
Nombre 58;Apellido_58;NApellido_58@gmail.com;Activo;19/04/2024 19:42;24.01GB;
Nombre 59;Apellido_59;NApellido_59@gmail.com;Activo;19/04/2024 19:42;39.81GB;
Nombre 60;Apellido_60;NApellido_60@gmail.com;Activo;19/04/2024 19:42;38.32GB;
Nombre 61;Apellido_61;NApellido_61@gmail.com;Activo;19/04/2024 19:42;9.71GB;
Nombre 62;Apellido_62;NApellido_62@gmail.com;Activo;19/04/2024 19:42;30.61GB;
Nombre 63;Apellido_63;NApellido_63@gmail.com;Activo;19/04/2024 19:42;73.5GB;
Nombre 64;Apellido_64;NApellido_64@gmail.com;Activo;19/04/2024 19:42;78.44GB;
Nombre 65;Apellido_65;NApellido_65@gmail.com;Activo;19/04/2024 19:42;72.88GB;
Nombre 66;Apellido_66;NApellido_66@gmail.com;Activo;19/04/2024 19:42;61.52GB;
Nombre 67;Apellido_67;NApellido_67@gmail.com;Activo;19/04/2024 19:42;96.26GB;
Nombre 68;Apellido_68;NApellido_68@gmail.com;Activo;19/04/2024 19:42;87.69GB;
Nombre 69;Apellido_69;NApellido_69@gmail.com;Activo;19/04/2024 19:42;63.97GB;
Nombre 70;Apellido_70;NApellido_70@gmail.com;Activo;19/04/2024 19:42;13.9GB;
Nombre 71;Apellido_71;NApellido_71@gmail.com;Activo;19/04/2024 19:42;62.55GB;
Nombre 72;Apellido_72;NApellido_72@gmail.com;Activo;19/04/2024 19:42;59.73GB;
Nombre 73;Apellido_73;NApellido_73@gmail.com;Activo;19/04/2024 19:42;95.81GB;
Nombre 74;Apellido_74;NApellido_74@gmail.com;Activo;19/04/2024 19:42;10.25GB;
Nombre 75;Apellido_75;NApellido_75@gmail.com;Activo;19/04/2024 19:42;62.31GB;
Nombre 76;Apellido_76;NApellido_76@gmail.com;Activo;19/04/2024 19:42;44.04GB;
Nombre 77;Apellido_77;NApellido_77@gmail.com;Activo;19/04/2024 19:42;14.36GB;
Nombre 78;Apellido_78;NApellido_78@gmail.com;Activo;19/04/2024 19:42;71.08GB;
Nombre 79;Apellido_79;NApellido_79@gmail.com;Activo;19/04/2024 19:42;81.54GB;
Nombre 80;Apellido_80;NApellido_80@gmail.com;Activo;19/04/2024 19:42;87.86GB;
Nombre 81;Apellido_81;NApellido_81@gmail.com;Activo;19/04/2024 19:42;11.97GB;
Nombre 82;Apellido_82;NApellido_82@gmail.com;Activo;19/04/2024 19:42;90.4GB;
Nombre 83;Apellido_83;NApellido_83@gmail.com;Activo;19/04/2024 19:42;55.69GB;
Nombre 84;Apellido_84;NApellido_84@gmail.com;Activo;19/04/2024 19:42;13.83GB;
Nombre 85;Apellido_85;NApellido_85@gmail.com;Activo;19/04/2024 19:42;21.53GB;
Nombre 86;Apellido_86;NApellido_86@gmail.com;Activo;19/04/2024 19:42;60.72GB;
Nombre 87;Apellido_87;NApellido_87@gmail.com;Activo;19/04/2024 19:42;98.38GB;
Nombre 88;Apellido_88;NApellido_88@gmail.com;Activo;19/04/2024 19:42;83.45GB;
Nombre 89;Apellido_89;NApellido_89@gmail.com;Activo;19/04/2024 19:42;64.65GB;
Nombre 90;Apellido_90;NApellido_90@gmail.com;Activo;19/04/2024 19:42;76.64GB;
Nombre 91;Apellido_91;NApellido_91@gmail.com;Activo;19/04/2024 19:42;66.87GB;
Nombre 92;Apellido_92;NApellido_92@gmail.com;Activo;19/04/2024 19:42;84.47GB;
Nombre 93;Apellido_93;NApellido_93@gmail.com;Activo;19/04/2024 19:42;63.72GB;
Nombre 94;Apellido_94;NApellido_94@gmail.com;Activo;19/04/2024 19:42;56.13GB;
Nombre 95;Apellido_95;NApellido_95@gmail.com;Activo;19/04/2024 19:42;54.58GB;
Nombre 96;Apellido_96;NApellido_96@gmail.com;Activo;19/04/2024 19:42;65.01GB;
Nombre 97;Apellido_97;NApellido_97@gmail.com;Activo;19/04/2024 19:42;85.32GB;
Nombre 98;Apellido_98;NApellido_98@gmail.com;Activo;19/04/2024 19:42;87.46GB;
Nombre 99;Apellido_99;NApellido_99@gmail.com;Activo;19/04/2024 19:42;97.96GB;
Nombre 100;Apellido_100;NApellido_100@gmail.com;Activo;19/04/2024 19:42;83.02GB;
Nombre 101;Apellido_101;NApellido_101@gmail.com;Activo;19/04/2024 19:42;42.36GB;
Nombre 102;Apellido_102;NApellido_102@gmail.com;Activo;19/04/2024 19:42;16.26GB;
Nombre 103;Apellido_103;NApellido_103@gmail.com;Activo;19/04/2024 19:42;72.97GB;
Nombre 104;Apellido_104;NApellido_104@gmail.com;Activo;19/04/2024 19:42;4.25GB;
Nombre 105;Apellido_105;NApellido_105@gmail.com;Activo;19/04/2024 19:42;34.94GB;
Nombre 106;Apellido_106;NApellido_106@gmail.com;Activo;19/04/2024 19:42;29.59GB;
Nombre 107;Apellido_107;NApellido_107@gmail.com;Activo;19/04/2024 19:42;5.77GB;
Nombre 108;Apellido_108;NApellido_108@gmail.com;Activo;19/04/2024 19:42;77.55GB;
Nombre 109;Apellido_109;NApellido_109@gmail.com;Activo;19/04/2024 19:42;50.95GB;
Nombre 110;Apellido_110;NApellido_110@gmail.com;Activo;19/04/2024 19:42;70.19GB;
Nombre 111;Apellido_111;NApellido_111@gmail.com;Activo;19/04/2024 19:42;31.77GB;
Nombre 112;Apellido_112;NApellido_112@gmail.com;Activo;19/04/2024 19:42;50.76GB;
Nombre 113;Apellido_113;NApellido_113@gmail.com;Activo;19/04/2024 19:42;30.24GB;
Nombre 114;Apellido_114;NApellido_114@gmail.com;Activo;19/04/2024 19:42;57.59GB;
Nombre 115;Apellido_115;NApellido_115@gmail.com;Activo;19/04/2024 19:42;2.97GB;
Nombre 116;Apellido_116;NApellido_116@gmail.com;Activo;19/04/2024 19:42;77.36GB;
Nombre 117;Apellido_117;NApellido_117@gmail.com;Activo;19/04/2024 19:42;36.86GB;
Nombre 118;Apellido_118;NApellido_118@gmail.com;Activo;19/04/2024 19:42;17.08GB;
Nombre 119;Apellido_119;NApellido_119@gmail.com;Activo;19/04/2024 19:42;93.12GB;
Nombre 120;Apellido_120;NApellido_120@gmail.com;Activo;19/04/2024 19:42;44.97GB;
Nombre 121;Apellido_121;NApellido_121@gmail.com;Activo;19/04/2024 19:42;31.85GB;
Nombre 122;Apellido_122;NApellido_122@gmail.com;Activo;19/04/2024 19:42;40.32GB;
Nombre 123;Apellido_123;NApellido_123@gmail.com;Activo;19/04/2024 19:42;76.73GB;
Nombre 124;Apellido_124;NApellido_124@gmail.com;Activo;19/04/2024 19:42;44.52GB;
Nombre 125;Apellido_125;NApellido_125@gmail.com;Activo;19/04/2024 19:42;76.37GB;
Nombre 126;Apellido_126;NApellido_126@gmail.com;Activo;19/04/2024 19:42;6.73GB;
Nombre 127;Apellido_127;NApellido_127@gmail.com;Activo;19/04/2024 19:42;73.86GB;
Nombre 128;Apellido_128;NApellido_128@gmail.com;Activo;19/04/2024 19:42;79.78GB;
Nombre 129;Apellido_129;NApellido_129@gmail.com;Activo;19/04/2024 19:42;12.47GB;
Nombre 130;Apellido_130;NApellido_130@gmail.com;Activo;19/04/2024 19:42;24.33GB;
Nombre 131;Apellido_131;NApellido_131@gmail.com;Activo;19/04/2024 19:42;22.83GB;
Nombre 132;Apellido_132;NApellido_132@gmail.com;Activo;19/04/2024 19:42;77.7GB;
Nombre 133;Apellido_133;NApellido_133@gmail.com;Activo;19/04/2024 19:42;12.47GB;
Nombre 134;Apellido_134;NApellido_134@gmail.com;Activo;19/04/2024 19:42;98.3GB;
Nombre 135;Apellido_135;NApellido_135@gmail.com;Activo;19/04/2024 19:42;11.77GB;
Nombre 136;Apellido_136;NApellido_136@gmail.com;Activo;19/04/2024 19:42;95.38GB;
Nombre 137;Apellido_137;NApellido_137@gmail.com;Activo;19/04/2024 19:42;92.21GB;
Nombre 138;Apellido_138;NApellido_138@gmail.com;Activo;19/04/2024 19:42;92.53GB;
Nombre 139;Apellido_139;NApellido_139@gmail.com;Activo;19/04/2024 19:42;67.01GB;
Nombre 140;Apellido_140;NApellido_140@gmail.com;Activo;19/04/2024 19:42;0.35GB;
Nombre 141;Apellido_141;NApellido_141@gmail.com;Activo;19/04/2024 19:42;33.26GB;
Nombre 142;Apellido_142;NApellido_142@gmail.com;Activo;19/04/2024 19:42;83.68GB;
Nombre 143;Apellido_143;NApellido_143@gmail.com;Activo;19/04/2024 19:42;35.52GB;
Nombre 144;Apellido_144;NApellido_144@gmail.com;Activo;19/04/2024 19:42;11.57GB;
Nombre 145;Apellido_145;NApellido_145@gmail.com;Activo;19/04/2024 19:42;65.61GB;
Nombre 146;Apellido_146;NApellido_146@gmail.com;Activo;19/04/2024 19:42;32.02GB;
Nombre 147;Apellido_147;NApellido_147@gmail.com;Activo;19/04/2024 19:42;9.82GB;
Nombre 148;Apellido_148;NApellido_148@gmail.com;Activo;19/04/2024 19:42;68.44GB;
Nombre 149;Apellido_149;NApellido_149@gmail.com;Activo;19/04/2024 19:42;24.39GB;
Nombre 150;Apellido_150;NApellido_150@gmail.com;Activo;19/04/2024 19:42;12.82GB;
Nombre 151;Apellido_151;NApellido_151@gmail.com;Activo;19/04/2024 19:42;18.76GB;
Nombre 152;Apellido_152;NApellido_152@gmail.com;Activo;19/04/2024 19:42;64.78GB;
Nombre 153;Apellido_153;NApellido_153@gmail.com;Activo;19/04/2024 19:42;32.65GB;
Nombre 154;Apellido_154;NApellido_154@gmail.com;Activo;19/04/2024 19:42;11.94GB;
Nombre 155;Apellido_155;NApellido_155@gmail.com;Activo;19/04/2024 19:42;72.73GB;
Nombre 156;Apellido_156;NApellido_156@gmail.com;Activo;19/04/2024 19:42;49.05GB;
Nombre 157;Apellido_157;NApellido_157@gmail.com;Activo;19/04/2024 19:42;12.42GB;
Nombre 158;Apellido_158;NApellido_158@gmail.com;Activo;19/04/2024 19:42;21.53GB;
Nombre 159;Apellido_159;NApellido_159@gmail.com;Activo;19/04/2024 19:42;33.39GB;
Nombre 160;Apellido_160;NApellido_160@gmail.com;Activo;19/04/2024 19:42;53.29GB;
Nombre 161;Apellido_161;NApellido_161@gmail.com;Activo;19/04/2024 19:42;32.79GB;
Nombre 162;Apellido_162;NApellido_162@gmail.com;Activo;19/04/2024 19:42;10.22GB;
Nombre 163;Apellido_163;NApellido_163@gmail.com;Activo;19/04/2024 19:42;61.93GB;
Nombre 164;Apellido_164;NApellido_164@gmail.com;Activo;19/04/2024 19:42;53.41GB;
Nombre 165;Apellido_165;NApellido_165@gmail.com;Activo;19/04/2024 19:42;36.43GB;
Nombre 166;Apellido_166;NApellido_166@gmail.com;Activo;19/04/2024 19:42;5.95GB;
Nombre 167;Apellido_167;NApellido_167@gmail.com;Activo;19/04/2024 19:42;88.21GB;
Nombre 168;Apellido_168;NApellido_168@gmail.com;Activo;19/04/2024 19:42;83.32GB;
Nombre 169;Apellido_169;NApellido_169@gmail.com;Activo;19/04/2024 19:42;37.95GB;
Nombre 170;Apellido_170;NApellido_170@gmail.com;Activo;19/04/2024 19:42;10.81GB;
Nombre 171;Apellido_171;NApellido_171@gmail.com;Activo;19/04/2024 19:42;18.63GB;
Nombre 172;Apellido_172;NApellido_172@gmail.com;Activo;19/04/2024 19:42;77.22GB;
Nombre 173;Apellido_173;NApellido_173@gmail.com;Activo;19/04/2024 19:42;87.98GB;
Nombre 174;Apellido_174;NApellido_174@gmail.com;Activo;19/04/2024 19:42;96.47GB;
Nombre 175;Apellido_175;NApellido_175@gmail.com;Activo;19/04/2024 19:42;43.31GB;
Nombre 176;Apellido_176;NApellido_176@gmail.com;Activo;19/04/2024 19:42;78.38GB;
Nombre 177;Apellido_177;NApellido_177@gmail.com;Activo;19/04/2024 19:42;88.62GB;
Nombre 178;Apellido_178;NApellido_178@gmail.com;Activo;19/04/2024 19:42;9.99GB;
Nombre 179;Apellido_179;NApellido_179@gmail.com;Activo;19/04/2024 19:42;1.14GB;
Nombre 180;Apellido_180;NApellido_180@gmail.com;Activo;19/04/2024 19:42;43.53GB;
Nombre 181;Apellido_181;NApellido_181@gmail.com;Activo;19/04/2024 19:42;28.07GB;
Nombre 182;Apellido_182;NApellido_182@gmail.com;Activo;19/04/2024 19:42;4.03GB;
Nombre 183;Apellido_183;NApellido_183@gmail.com;Activo;19/04/2024 19:42;89.22GB;
Nombre 184;Apellido_184;NApellido_184@gmail.com;Activo;19/04/2024 19:42;51.82GB;
Nombre 185;Apellido_185;NApellido_185@gmail.com;Activo;19/04/2024 19:42;43.03GB;
Nombre 186;Apellido_186;NApellido_186@gmail.com;Activo;19/04/2024 19:42;57.72GB;
Nombre 187;Apellido_187;NApellido_187@gmail.com;Activo;19/04/2024 19:42;15.03GB;
Nombre 188;Apellido_188;NApellido_188@gmail.com;Activo;19/04/2024 19:42;47.03GB;
Nombre 189;Apellido_189;NApellido_189@gmail.com;Activo;19/04/2024 19:42;15.71GB;
Nombre 190;Apellido_190;NApellido_190@gmail.com;Activo;19/04/2024 19:42;34.25GB;
Nombre 191;Apellido_191;NApellido_191@gmail.com;Activo;19/04/2024 19:42;85.98GB;
Nombre 192;Apellido_192;NApellido_192@gmail.com;Activo;19/04/2024 19:42;44.19GB;
Nombre 193;Apellido_193;NApellido_193@gmail.com;Activo;19/04/2024 19:42;29.59GB;
Nombre 194;Apellido_194;NApellido_194@gmail.com;Activo;19/04/2024 19:42;97.84GB;
Nombre 195;Apellido_195;NApellido_195@gmail.com;Activo;19/04/2024 19:42;19.92GB;
Nombre 196;Apellido_196;NApellido_196@gmail.com;Activo;19/04/2024 19:42;31.12GB;
Nombre 197;Apellido_197;NApellido_197@gmail.com;Activo;19/04/2024 19:42;35.08GB;
Nombre 198;Apellido_198;NApellido_198@gmail.com;Activo;19/04/2024 19:42;98.27GB;
Nombre 199;Apellido_199;NApellido_199@gmail.com;Activo;19/04/2024 19:42;80.05GB;
Nombre 200;Apellido_200;NApellido_200@gmail.com;Activo;19/04/2024 19:42;26.23GB;
Nombre 201;Apellido_201;NApellido_201@gmail.com;Activo;19/04/2024 19:42;6.19GB;
Nombre 202;Apellido_202;NApellido_202@gmail.com;Activo;19/04/2024 19:42;62.54GB;
Nombre 203;Apellido_203;NApellido_203@gmail.com;Activo;19/04/2024 19:42;7.59GB;
Nombre 204;Apellido_204;NApellido_204@gmail.com;Activo;19/04/2024 19:42;86.87GB;
Nombre 205;Apellido_205;NApellido_205@gmail.com;Activo;19/04/2024 19:42;55.57GB;
Nombre 206;Apellido_206;NApellido_206@gmail.com;Activo;19/04/2024 19:42;7.65GB;
Nombre 207;Apellido_207;NApellido_207@gmail.com;Activo;19/04/2024 19:42;68.93GB;
Nombre 208;Apellido_208;NApellido_208@gmail.com;Activo;19/04/2024 19:42;64.02GB;
Nombre 209;Apellido_209;NApellido_209@gmail.com;Activo;19/04/2024 19:42;9.72GB;
Nombre 210;Apellido_210;NApellido_210@gmail.com;Activo;19/04/2024 19:42;49.15GB;
Nombre 211;Apellido_211;NApellido_211@gmail.com;Activo;19/04/2024 19:42;1.41GB;
Nombre 212;Apellido_212;NApellido_212@gmail.com;Activo;19/04/2024 19:42;91.24GB;
Nombre 213;Apellido_213;NApellido_213@gmail.com;Activo;19/04/2024 19:42;69.95GB;
Nombre 214;Apellido_214;NApellido_214@gmail.com;Activo;19/04/2024 19:42;91.81GB;
Nombre 215;Apellido_215;NApellido_215@gmail.com;Activo;19/04/2024 19:42;69.18GB;
Nombre 216;Apellido_216;NApellido_216@gmail.com;Activo;19/04/2024 19:42;16.95GB;
Nombre 217;Apellido_217;NApellido_217@gmail.com;Activo;19/04/2024 19:42;51.78GB;
Nombre 218;Apellido_218;NApellido_218@gmail.com;Activo;19/04/2024 19:42;39.09GB;
Nombre 219;Apellido_219;NApellido_219@gmail.com;Activo;19/04/2024 19:42;72.43GB;
Nombre 220;Apellido_220;NApellido_220@gmail.com;Activo;19/04/2024 19:42;67.68GB;
Nombre 221;Apellido_221;NApellido_221@gmail.com;Activo;19/04/2024 19:42;57.43GB;
Nombre 222;Apellido_222;NApellido_222@gmail.com;Activo;19/04/2024 19:42;74.06GB;
Nombre 223;Apellido_223;NApellido_223@gmail.com;Activo;19/04/2024 19:42;65.72GB;
Nombre 224;Apellido_224;NApellido_224@gmail.com;Activo;19/04/2024 19:42;41.18GB;
Nombre 225;Apellido_225;NApellido_225@gmail.com;Activo;19/04/2024 19:42;22.15GB;
Nombre 226;Apellido_226;NApellido_226@gmail.com;Activo;19/04/2024 19:42;54.34GB;
Nombre 227;Apellido_227;NApellido_227@gmail.com;Activo;19/04/2024 19:42;98.42GB;
Nombre 228;Apellido_228;NApellido_228@gmail.com;Activo;19/04/2024 19:42;9.71GB;
Nombre 229;Apellido_229;NApellido_229@gmail.com;Activo;19/04/2024 19:42;11.09GB;
Nombre 230;Apellido_230;NApellido_230@gmail.com;Activo;19/04/2024 19:42;23.61GB;
Nombre 231;Apellido_231;NApellido_231@gmail.com;Activo;19/04/2024 19:42;2.19GB;
Nombre 232;Apellido_232;NApellido_232@gmail.com;Activo;19/04/2024 19:42;9.07GB;
Nombre 233;Apellido_233;NApellido_233@gmail.com;Activo;19/04/2024 19:42;36.65GB;
Nombre 234;Apellido_234;NApellido_234@gmail.com;Activo;19/04/2024 19:42;57.84GB;
Nombre 235;Apellido_235;NApellido_235@gmail.com;Activo;19/04/2024 19:42;30.72GB;
Nombre 236;Apellido_236;NApellido_236@gmail.com;Activo;19/04/2024 19:42;72.88GB;
Nombre 237;Apellido_237;NApellido_237@gmail.com;Activo;19/04/2024 19:42;12.96GB;
Nombre 238;Apellido_238;NApellido_238@gmail.com;Activo;19/04/2024 19:42;21.76GB;
Nombre 239;Apellido_239;NApellido_239@gmail.com;Activo;19/04/2024 19:42;5.32GB;
Nombre 240;Apellido_240;NApellido_240@gmail.com;Activo;19/04/2024 19:42;57.86GB;
Nombre 241;Apellido_241;NApellido_241@gmail.com;Activo;19/04/2024 19:42;97.68GB;
Nombre 242;Apellido_242;NApellido_242@gmail.com;Activo;19/04/2024 19:42;28.71GB;
Nombre 243;Apellido_243;NApellido_243@gmail.com;Activo;19/04/2024 19:42;7.41GB;
Nombre 244;Apellido_244;NApellido_244@gmail.com;Activo;19/04/2024 19:42;14.48GB;
Nombre 245;Apellido_245;NApellido_245@gmail.com;Activo;19/04/2024 19:42;64.65GB;
Nombre 246;Apellido_246;NApellido_246@gmail.com;Activo;19/04/2024 19:42;29.34GB;
Nombre 247;Apellido_247;NApellido_247@gmail.com;Activo;19/04/2024 19:42;37.07GB;
Nombre 248;Apellido_248;NApellido_248@gmail.com;Activo;19/04/2024 19:42;20.51GB;
Nombre 249;Apellido_249;NApellido_249@gmail.com;Activo;19/04/2024 19:42;56.69GB;
Nombre 250;Apellido_250;NApellido_250@gmail.com;Activo;19/04/2024 19:42;58.72GB;
Nombre 251;Apellido_251;NApellido_251@gmail.com;Activo;19/04/2024 19:42;42.69GB;
Nombre 252;Apellido_252;NApellido_252@gmail.com;Activo;19/04/2024 19:42;50.59GB;
Nombre 253;Apellido_253;NApellido_253@gmail.com;Activo;19/04/2024 19:42;7.21GB;
Nombre 254;Apellido_254;NApellido_254@gmail.com;Activo;19/04/2024 19:42;32.21GB;
Nombre 255;Apellido_255;NApellido_255@gmail.com;Activo;19/04/2024 19:42;52.18GB;
Nombre 256;Apellido_256;NApellido_256@gmail.com;Activo;19/04/2024 19:42;91.18GB;
Nombre 257;Apellido_257;NApellido_257@gmail.com;Activo;19/04/2024 19:42;40.25GB;
Nombre 258;Apellido_258;NApellido_258@gmail.com;Activo;19/04/2024 19:42;75.61GB;
Nombre 259;Apellido_259;NApellido_259@gmail.com;Activo;19/04/2024 19:42;16.26GB;
Nombre 260;Apellido_260;NApellido_260@gmail.com;Activo;19/04/2024 19:42;90.58GB;
Nombre 261;Apellido_261;NApellido_261@gmail.com;Activo;19/04/2024 19:42;67.64GB;
Nombre 262;Apellido_262;NApellido_262@gmail.com;Activo;19/04/2024 19:42;69.25GB;
Nombre 263;Apellido_263;NApellido_263@gmail.com;Activo;19/04/2024 19:42;95.13GB;
Nombre 264;Apellido_264;NApellido_264@gmail.com;Activo;19/04/2024 19:42;53.29GB;
Nombre 265;Apellido_265;NApellido_265@gmail.com;Activo;19/04/2024 19:42;98.25GB;
Nombre 266;Apellido_266;NApellido_266@gmail.com;Activo;19/04/2024 19:42;0.34GB;
Nombre 267;Apellido_267;NApellido_267@gmail.com;Activo;19/04/2024 19:42;56.65GB;
Nombre 268;Apellido_268;NApellido_268@gmail.com;Activo;19/04/2024 19:42;5.55GB;
Nombre 269;Apellido_269;NApellido_269@gmail.com;Activo;19/04/2024 19:42;50.6GB;
Nombre 270;Apellido_270;NApellido_270@gmail.com;Activo;19/04/2024 19:42;19.39GB;
Nombre 271;Apellido_271;NApellido_271@gmail.com;Activo;19/04/2024 19:42;81GB;
Nombre 272;Apellido_272;NApellido_272@gmail.com;Activo;19/04/2024 19:42;30.59GB;
Nombre 273;Apellido_273;NApellido_273@gmail.com;Activo;19/04/2024 19:42;6.21GB;
Nombre 274;Apellido_274;NApellido_274@gmail.com;Activo;19/04/2024 19:42;10.66GB;
Nombre 275;Apellido_275;NApellido_275@gmail.com;Activo;19/04/2024 19:42;97.53GB;
Nombre 276;Apellido_276;NApellido_276@gmail.com;Activo;19/04/2024 19:42;4.09GB;
Nombre 277;Apellido_277;NApellido_277@gmail.com;Activo;19/04/2024 19:42;6.39GB;
Nombre 278;Apellido_278;NApellido_278@gmail.com;Activo;19/04/2024 19:42;24.64GB;
Nombre 279;Apellido_279;NApellido_279@gmail.com;Activo;19/04/2024 19:42;6.55GB;
Nombre 280;Apellido_280;NApellido_280@gmail.com;Activo;19/04/2024 19:42;16.69GB;
Nombre 281;Apellido_281;NApellido_281@gmail.com;Activo;19/04/2024 19:42;58.62GB;
Nombre 282;Apellido_282;NApellido_282@gmail.com;Activo;19/04/2024 19:42;71.49GB;
Nombre 283;Apellido_283;NApellido_283@gmail.com;Activo;19/04/2024 19:42;51.92GB;
Nombre 284;Apellido_284;NApellido_284@gmail.com;Activo;19/04/2024 19:42;7.49GB;
Nombre 285;Apellido_285;NApellido_285@gmail.com;Activo;19/04/2024 19:42;67.05GB;
Nombre 286;Apellido_286;NApellido_286@gmail.com;Activo;19/04/2024 19:42;65.38GB;
Nombre 287;Apellido_287;NApellido_287@gmail.com;Activo;19/04/2024 19:42;2.64GB;
Nombre 288;Apellido_288;NApellido_288@gmail.com;Activo;19/04/2024 19:42;48.86GB;
Nombre 289;Apellido_289;NApellido_289@gmail.com;Activo;19/04/2024 19:42;55.02GB;
Nombre 290;Apellido_290;NApellido_290@gmail.com;Activo;19/04/2024 19:42;55.54GB;
Nombre 291;Apellido_291;NApellido_291@gmail.com;Activo;19/04/2024 19:42;86.87GB;
Nombre 292;Apellido_292;NApellido_292@gmail.com;Activo;19/04/2024 19:42;52.27GB;
Nombre 293;Apellido_293;NApellido_293@gmail.com;Activo;19/04/2024 19:42;75.51GB;
Nombre 294;Apellido_294;NApellido_294@gmail.com;Activo;19/04/2024 19:42;96.45GB;
Nombre 295;Apellido_295;NApellido_295@gmail.com;Activo;19/04/2024 19:42;53.48GB;
Nombre 296;Apellido_296;NApellido_296@gmail.com;Activo;19/04/2024 19:42;12.22GB;
Nombre 297;Apellido_297;NApellido_297@gmail.com;Activo;19/04/2024 19:42;26.75GB;
Nombre 298;Apellido_298;NApellido_298@gmail.com;Activo;19/04/2024 19:42;95.69GB;
Nombre 299;Apellido_299;NApellido_299@gmail.com;Activo;19/04/2024 19:42;8.1GB;
Nombre 300;Apellido_300;NApellido_300@gmail.com;Activo;19/04/2024 19:42;39.55GB;
Nombre 301;Apellido_301;NApellido_301@gmail.com;Activo;19/04/2024 19:42;18.56GB;
Nombre 302;Apellido_302;NApellido_302@gmail.com;Activo;19/04/2024 19:42;42.5GB;
Nombre 303;Apellido_303;NApellido_303@gmail.com;Activo;19/04/2024 19:42;33GB;
Nombre 304;Apellido_304;NApellido_304@gmail.com;Activo;19/04/2024 19:42;68.61GB;
Nombre 305;Apellido_305;NApellido_305@gmail.com;Activo;19/04/2024 19:42;36.58GB;
Nombre 306;Apellido_306;NApellido_306@gmail.com;Activo;19/04/2024 19:42;63.99GB;
Nombre 307;Apellido_307;NApellido_307@gmail.com;Activo;19/04/2024 19:42;21.35GB;
Nombre 308;Apellido_308;NApellido_308@gmail.com;Activo;19/04/2024 19:42;81.98GB;
Nombre 309;Apellido_309;NApellido_309@gmail.com;Activo;19/04/2024 19:42;39.56GB;
Nombre 310;Apellido_310;NApellido_310@gmail.com;Activo;19/04/2024 19:42;31.73GB;
Nombre 311;Apellido_311;NApellido_311@gmail.com;Activo;19/04/2024 19:42;21.92GB;
Nombre 312;Apellido_312;NApellido_312@gmail.com;Activo;19/04/2024 19:42;76.48GB;
Nombre 313;Apellido_313;NApellido_313@gmail.com;Activo;19/04/2024 19:42;94.42GB;
Nombre 314;Apellido_314;NApellido_314@gmail.com;Activo;19/04/2024 19:42;22.23GB;
Nombre 315;Apellido_315;NApellido_315@gmail.com;Activo;19/04/2024 19:42;38.7GB;
Nombre 316;Apellido_316;NApellido_316@gmail.com;Activo;19/04/2024 19:42;32.47GB;
Nombre 317;Apellido_317;NApellido_317@gmail.com;Activo;19/04/2024 19:42;74.52GB;
Nombre 318;Apellido_318;NApellido_318@gmail.com;Activo;19/04/2024 19:42;38.68GB;
Nombre 319;Apellido_319;NApellido_319@gmail.com;Activo;19/04/2024 19:42;52.07GB;
Nombre 320;Apellido_320;NApellido_320@gmail.com;Activo;19/04/2024 19:42;97.41GB;
Nombre 321;Apellido_321;NApellido_321@gmail.com;Activo;19/04/2024 19:42;49.55GB;
Nombre 322;Apellido_322;NApellido_322@gmail.com;Activo;19/04/2024 19:42;72.48GB;
Nombre 323;Apellido_323;NApellido_323@gmail.com;Activo;19/04/2024 19:42;88.13GB;
Nombre 324;Apellido_324;NApellido_324@gmail.com;Activo;19/04/2024 19:42;14.52GB;
Nombre 325;Apellido_325;NApellido_325@gmail.com;Activo;19/04/2024 19:42;70.04GB;
Nombre 326;Apellido_326;NApellido_326@gmail.com;Activo;19/04/2024 19:42;49.07GB;
Nombre 327;Apellido_327;NApellido_327@gmail.com;Activo;19/04/2024 19:42;97.11GB;
Nombre 328;Apellido_328;NApellido_328@gmail.com;Activo;19/04/2024 19:42;38.14GB;
Nombre 329;Apellido_329;NApellido_329@gmail.com;Activo;19/04/2024 19:42;68.62GB;
Nombre 330;Apellido_330;NApellido_330@gmail.com;Activo;19/04/2024 19:42;10.73GB;
Nombre 331;Apellido_331;NApellido_331@gmail.com;Activo;19/04/2024 19:42;12.04GB;
Nombre 332;Apellido_332;NApellido_332@gmail.com;Activo;19/04/2024 19:42;40.86GB;
Nombre 333;Apellido_333;NApellido_333@gmail.com;Activo;19/04/2024 19:42;43.33GB;
Nombre 334;Apellido_334;NApellido_334@gmail.com;Activo;19/04/2024 19:42;3.23GB;
Nombre 335;Apellido_335;NApellido_335@gmail.com;Activo;19/04/2024 19:42;47.13GB;
Nombre 336;Apellido_336;NApellido_336@gmail.com;Activo;19/04/2024 19:42;54.59GB;
Nombre 337;Apellido_337;NApellido_337@gmail.com;Activo;19/04/2024 19:42;19.76GB;
Nombre 338;Apellido_338;NApellido_338@gmail.com;Activo;19/04/2024 19:42;49.09GB;
Nombre 339;Apellido_339;NApellido_339@gmail.com;Activo;19/04/2024 19:42;41.82GB;
Nombre 340;Apellido_340;NApellido_340@gmail.com;Activo;19/04/2024 19:42;9.5GB;
Nombre 341;Apellido_341;NApellido_341@gmail.com;Activo;19/04/2024 19:42;71.99GB;
Nombre 342;Apellido_342;NApellido_342@gmail.com;Activo;19/04/2024 19:42;40.55GB;
Nombre 343;Apellido_343;NApellido_343@gmail.com;Activo;19/04/2024 19:42;56.92GB;
Nombre 344;Apellido_344;NApellido_344@gmail.com;Activo;19/04/2024 19:42;96.42GB;
Nombre 345;Apellido_345;NApellido_345@gmail.com;Activo;19/04/2024 19:42;36.5GB;
Nombre 346;Apellido_346;NApellido_346@gmail.com;Activo;19/04/2024 19:42;31.05GB;
Nombre 347;Apellido_347;NApellido_347@gmail.com;Activo;19/04/2024 19:42;89.71GB;
Nombre 348;Apellido_348;NApellido_348@gmail.com;Activo;19/04/2024 19:42;34.71GB;
Nombre 349;Apellido_349;NApellido_349@gmail.com;Activo;19/04/2024 19:42;84.08GB;
Nombre 350;Apellido_350;NApellido_350@gmail.com;Activo;19/04/2024 19:42;91.35GB;
Nombre 351;Apellido_351;NApellido_351@gmail.com;Activo;19/04/2024 19:42;89.67GB;
Nombre 352;Apellido_352;NApellido_352@gmail.com;Activo;19/04/2024 19:42;90.45GB;
Nombre 353;Apellido_353;NApellido_353@gmail.com;Activo;19/04/2024 19:42;74.68GB;
Nombre 354;Apellido_354;NApellido_354@gmail.com;Activo;19/04/2024 19:42;25.02GB;
Nombre 355;Apellido_355;NApellido_355@gmail.com;Activo;19/04/2024 19:42;23.01GB;
Nombre 356;Apellido_356;NApellido_356@gmail.com;Activo;19/04/2024 19:42;3.6GB;
Nombre 357;Apellido_357;NApellido_357@gmail.com;Activo;19/04/2024 19:42;31.68GB;
Nombre 358;Apellido_358;NApellido_358@gmail.com;Activo;19/04/2024 19:42;79.99GB;
Nombre 359;Apellido_359;NApellido_359@gmail.com;Activo;19/04/2024 19:42;97.52GB;
Nombre 360;Apellido_360;NApellido_360@gmail.com;Activo;19/04/2024 19:42;92.71GB;
Nombre 361;Apellido_361;NApellido_361@gmail.com;Activo;19/04/2024 19:42;73.65GB;
Nombre 362;Apellido_362;NApellido_362@gmail.com;Activo;19/04/2024 19:42;9GB;
Nombre 363;Apellido_363;NApellido_363@gmail.com;Activo;19/04/2024 19:42;10.53GB;
Nombre 364;Apellido_364;NApellido_364@gmail.com;Activo;19/04/2024 19:42;63.78GB;
Nombre 365;Apellido_365;NApellido_365@gmail.com;Activo;19/04/2024 19:42;5.85GB;
Nombre 366;Apellido_366;NApellido_366@gmail.com;Activo;19/04/2024 19:42;28.4GB;
Nombre 367;Apellido_367;NApellido_367@gmail.com;Activo;19/04/2024 19:42;94.25GB;
Nombre 368;Apellido_368;NApellido_368@gmail.com;Activo;19/04/2024 19:42;79.42GB;
Nombre 369;Apellido_369;NApellido_369@gmail.com;Activo;19/04/2024 19:42;72.88GB;
Nombre 370;Apellido_370;NApellido_370@gmail.com;Activo;19/04/2024 19:42;34.23GB;
Nombre 371;Apellido_371;NApellido_371@gmail.com;Activo;19/04/2024 19:42;1.65GB;
Nombre 372;Apellido_372;NApellido_372@gmail.com;Activo;19/04/2024 19:42;25.07GB;
Nombre 373;Apellido_373;NApellido_373@gmail.com;Activo;19/04/2024 19:42;16.83GB;
Nombre 374;Apellido_374;NApellido_374@gmail.com;Activo;19/04/2024 19:42;8.14GB;
Nombre 375;Apellido_375;NApellido_375@gmail.com;Activo;19/04/2024 19:42;9.17GB;
Nombre 376;Apellido_376;NApellido_376@gmail.com;Activo;19/04/2024 19:42;67.88GB;
Nombre 377;Apellido_377;NApellido_377@gmail.com;Activo;19/04/2024 19:42;9.36GB;
Nombre 378;Apellido_378;NApellido_378@gmail.com;Activo;19/04/2024 19:42;51.41GB;
Nombre 379;Apellido_379;NApellido_379@gmail.com;Activo;19/04/2024 19:42;88.14GB;
Nombre 380;Apellido_380;NApellido_380@gmail.com;Activo;19/04/2024 19:42;74.45GB;
Nombre 381;Apellido_381;NApellido_381@gmail.com;Activo;19/04/2024 19:42;76.36GB;
Nombre 382;Apellido_382;NApellido_382@gmail.com;Activo;19/04/2024 19:42;4.72GB;
Nombre 383;Apellido_383;NApellido_383@gmail.com;Activo;19/04/2024 19:42;12.44GB;
Nombre 384;Apellido_384;NApellido_384@gmail.com;Activo;19/04/2024 19:42;77.84GB;
Nombre 385;Apellido_385;NApellido_385@gmail.com;Activo;19/04/2024 19:42;47.91GB;
Nombre 386;Apellido_386;NApellido_386@gmail.com;Activo;19/04/2024 19:42;82.58GB;
Nombre 387;Apellido_387;NApellido_387@gmail.com;Activo;19/04/2024 19:42;67.83GB;
Nombre 388;Apellido_388;NApellido_388@gmail.com;Activo;19/04/2024 19:42;56.06GB;
Nombre 389;Apellido_389;NApellido_389@gmail.com;Activo;19/04/2024 19:42;62.03GB;
Nombre 390;Apellido_390;NApellido_390@gmail.com;Activo;19/04/2024 19:42;19.21GB;
Nombre 391;Apellido_391;NApellido_391@gmail.com;Activo;19/04/2024 19:42;59.83GB;
Nombre 392;Apellido_392;NApellido_392@gmail.com;Activo;19/04/2024 19:42;95.02GB;
Nombre 393;Apellido_393;NApellido_393@gmail.com;Activo;19/04/2024 19:42;82.45GB;
Nombre 394;Apellido_394;NApellido_394@gmail.com;Activo;19/04/2024 19:42;32.74GB;
Nombre 395;Apellido_395;NApellido_395@gmail.com;Activo;19/04/2024 19:42;49.71GB;
Nombre 396;Apellido_396;NApellido_396@gmail.com;Activo;19/04/2024 19:42;88.57GB;
Nombre 397;Apellido_397;NApellido_397@gmail.com;Activo;19/04/2024 19:42;96.93GB;
Nombre 398;Apellido_398;NApellido_398@gmail.com;Activo;19/04/2024 19:42;90.91GB;
Nombre 399;Apellido_399;NApellido_399@gmail.com;Activo;19/04/2024 19:42;16.41GB;
Nombre 400;Apellido_400;NApellido_400@gmail.com;Activo;19/04/2024 19:42;36.74GB;
Nombre 401;Apellido_401;NApellido_401@gmail.com;Activo;19/04/2024 19:42;22.33GB;
Nombre 402;Apellido_402;NApellido_402@gmail.com;Activo;19/04/2024 19:42;67.59GB;
Nombre 403;Apellido_403;NApellido_403@gmail.com;Activo;19/04/2024 19:42;52.69GB;
Nombre 404;Apellido_404;NApellido_404@gmail.com;Activo;19/04/2024 19:42;49.25GB;
Nombre 405;Apellido_405;NApellido_405@gmail.com;Activo;19/04/2024 19:42;35.71GB;
Nombre 406;Apellido_406;NApellido_406@gmail.com;Activo;19/04/2024 19:42;48.57GB;
Nombre 407;Apellido_407;NApellido_407@gmail.com;Activo;19/04/2024 19:42;33.97GB;
Nombre 408;Apellido_408;NApellido_408@gmail.com;Activo;19/04/2024 19:42;17.55GB;
Nombre 409;Apellido_409;NApellido_409@gmail.com;Activo;19/04/2024 19:42;97.66GB;
Nombre 410;Apellido_410;NApellido_410@gmail.com;Activo;19/04/2024 19:42;97.97GB;
Nombre 411;Apellido_411;NApellido_411@gmail.com;Activo;19/04/2024 19:42;38.16GB;
Nombre 412;Apellido_412;NApellido_412@gmail.com;Activo;19/04/2024 19:42;30.94GB;
Nombre 413;Apellido_413;NApellido_413@gmail.com;Activo;19/04/2024 19:42;9.77GB;
Nombre 414;Apellido_414;NApellido_414@gmail.com;Activo;19/04/2024 19:42;74.58GB;
Nombre 415;Apellido_415;NApellido_415@gmail.com;Activo;19/04/2024 19:42;12.89GB;
Nombre 416;Apellido_416;NApellido_416@gmail.com;Activo;19/04/2024 19:42;5.38GB;
Nombre 417;Apellido_417;NApellido_417@gmail.com;Activo;19/04/2024 19:42;11GB;
Nombre 418;Apellido_418;NApellido_418@gmail.com;Activo;19/04/2024 19:42;23.27GB;
Nombre 419;Apellido_419;NApellido_419@gmail.com;Activo;19/04/2024 19:42;21.42GB;
Nombre 420;Apellido_420;NApellido_420@gmail.com;Activo;19/04/2024 19:42;2.36GB;
Nombre 421;Apellido_421;NApellido_421@gmail.com;Activo;19/04/2024 19:42;0.28GB;
Nombre 422;Apellido_422;NApellido_422@gmail.com;Activo;19/04/2024 19:42;3.75GB;
Nombre 423;Apellido_423;NApellido_423@gmail.com;Activo;19/04/2024 19:42;31.74GB;
Nombre 424;Apellido_424;NApellido_424@gmail.com;Activo;19/04/2024 19:42;85GB;
Nombre 425;Apellido_425;NApellido_425@gmail.com;Activo;19/04/2024 19:42;35.22GB;
Nombre 426;Apellido_426;NApellido_426@gmail.com;Activo;19/04/2024 19:42;90.38GB;
Nombre 427;Apellido_427;NApellido_427@gmail.com;Activo;19/04/2024 19:42;39.89GB;
Nombre 428;Apellido_428;NApellido_428@gmail.com;Activo;19/04/2024 19:42;81.15GB;
Nombre 429;Apellido_429;NApellido_429@gmail.com;Activo;19/04/2024 19:42;28.8GB;
Nombre 430;Apellido_430;NApellido_430@gmail.com;Activo;19/04/2024 19:42;1.91GB;
Nombre 431;Apellido_431;NApellido_431@gmail.com;Activo;19/04/2024 19:42;92.09GB;
Nombre 432;Apellido_432;NApellido_432@gmail.com;Activo;19/04/2024 19:42;40.19GB;
Nombre 433;Apellido_433;NApellido_433@gmail.com;Activo;19/04/2024 19:42;57.24GB;
Nombre 434;Apellido_434;NApellido_434@gmail.com;Activo;19/04/2024 19:42;97.33GB;
Nombre 435;Apellido_435;NApellido_435@gmail.com;Activo;19/04/2024 19:42;39.1GB;
Nombre 436;Apellido_436;NApellido_436@gmail.com;Activo;19/04/2024 19:42;51.42GB;
Nombre 437;Apellido_437;NApellido_437@gmail.com;Activo;19/04/2024 19:42;24.15GB;
Nombre 438;Apellido_438;NApellido_438@gmail.com;Activo;19/04/2024 19:42;23.9GB;
Nombre 439;Apellido_439;NApellido_439@gmail.com;Activo;19/04/2024 19:42;98.76GB;
Nombre 440;Apellido_440;NApellido_440@gmail.com;Activo;19/04/2024 19:42;45.23GB;
Nombre 441;Apellido_441;NApellido_441@gmail.com;Activo;19/04/2024 19:42;79.95GB;
Nombre 442;Apellido_442;NApellido_442@gmail.com;Activo;19/04/2024 19:42;42.54GB;
Nombre 443;Apellido_443;NApellido_443@gmail.com;Activo;19/04/2024 19:42;95.74GB;
Nombre 444;Apellido_444;NApellido_444@gmail.com;Activo;19/04/2024 19:42;55.32GB;
Nombre 445;Apellido_445;NApellido_445@gmail.com;Activo;19/04/2024 19:42;83.36GB;
Nombre 446;Apellido_446;NApellido_446@gmail.com;Activo;19/04/2024 19:42;96.8GB;
Nombre 447;Apellido_447;NApellido_447@gmail.com;Activo;19/04/2024 19:42;13.48GB;
Nombre 448;Apellido_448;NApellido_448@gmail.com;Activo;19/04/2024 19:42;90.13GB;
Nombre 449;Apellido_449;NApellido_449@gmail.com;Activo;19/04/2024 19:42;55.23GB;
Nombre 450;Apellido_450;NApellido_450@gmail.com;Activo;19/04/2024 19:42;19.02GB;
Nombre 451;Apellido_451;NApellido_451@gmail.com;Activo;19/04/2024 19:42;53.14GB;
Nombre 452;Apellido_452;NApellido_452@gmail.com;Activo;19/04/2024 19:42;39.04GB;
Nombre 453;Apellido_453;NApellido_453@gmail.com;Activo;19/04/2024 19:42;51.88GB;
Nombre 454;Apellido_454;NApellido_454@gmail.com;Activo;19/04/2024 19:42;82.91GB;
Nombre 455;Apellido_455;NApellido_455@gmail.com;Activo;19/04/2024 19:42;48.73GB;
Nombre 456;Apellido_456;NApellido_456@gmail.com;Activo;19/04/2024 19:42;48.93GB;
Nombre 457;Apellido_457;NApellido_457@gmail.com;Activo;19/04/2024 19:42;67.42GB;
Nombre 458;Apellido_458;NApellido_458@gmail.com;Activo;19/04/2024 19:42;41.41GB;
Nombre 459;Apellido_459;NApellido_459@gmail.com;Activo;19/04/2024 19:42;16.87GB;
Nombre 460;Apellido_460;NApellido_460@gmail.com;Activo;19/04/2024 19:42;44.46GB;
Nombre 461;Apellido_461;NApellido_461@gmail.com;Activo;19/04/2024 19:42;47.56GB;
Nombre 462;Apellido_462;NApellido_462@gmail.com;Activo;19/04/2024 19:42;56.45GB;
Nombre 463;Apellido_463;NApellido_463@gmail.com;Activo;19/04/2024 19:42;86.13GB;
Nombre 464;Apellido_464;NApellido_464@gmail.com;Activo;19/04/2024 19:42;55.11GB;
Nombre 465;Apellido_465;NApellido_465@gmail.com;Activo;19/04/2024 19:42;80.72GB;
Nombre 466;Apellido_466;NApellido_466@gmail.com;Activo;19/04/2024 19:42;79.5GB;
Nombre 467;Apellido_467;NApellido_467@gmail.com;Activo;19/04/2024 19:42;3.45GB;
Nombre 468;Apellido_468;NApellido_468@gmail.com;Activo;19/04/2024 19:42;11.9GB;
Nombre 469;Apellido_469;NApellido_469@gmail.com;Activo;19/04/2024 19:42;85.91GB;
Nombre 470;Apellido_470;NApellido_470@gmail.com;Activo;19/04/2024 19:42;32.73GB;
Nombre 471;Apellido_471;NApellido_471@gmail.com;Activo;19/04/2024 19:42;48.53GB;
Nombre 472;Apellido_472;NApellido_472@gmail.com;Activo;19/04/2024 19:42;69.19GB;
Nombre 473;Apellido_473;NApellido_473@gmail.com;Activo;19/04/2024 19:42;44.28GB;
Nombre 474;Apellido_474;NApellido_474@gmail.com;Activo;19/04/2024 19:42;56.59GB;
Nombre 475;Apellido_475;NApellido_475@gmail.com;Activo;19/04/2024 19:42;91.12GB;
Nombre 476;Apellido_476;NApellido_476@gmail.com;Activo;19/04/2024 19:42;50.93GB;
Nombre 477;Apellido_477;NApellido_477@gmail.com;Activo;19/04/2024 19:42;75.8GB;
Nombre 478;Apellido_478;NApellido_478@gmail.com;Activo;19/04/2024 19:42;74.04GB;
Nombre 479;Apellido_479;NApellido_479@gmail.com;Activo;19/04/2024 19:42;45.69GB;
Nombre 480;Apellido_480;NApellido_480@gmail.com;Activo;19/04/2024 19:42;43.81GB;
Nombre 481;Apellido_481;NApellido_481@gmail.com;Activo;19/04/2024 19:42;49.02GB;
Nombre 482;Apellido_482;NApellido_482@gmail.com;Activo;19/04/2024 19:42;17.15GB;
Nombre 483;Apellido_483;NApellido_483@gmail.com;Activo;19/04/2024 19:42;12.85GB;
Nombre 484;Apellido_484;NApellido_484@gmail.com;Activo;19/04/2024 19:42;22.28GB;
Nombre 485;Apellido_485;NApellido_485@gmail.com;Activo;19/04/2024 19:42;25.86GB;
Nombre 486;Apellido_486;NApellido_486@gmail.com;Activo;19/04/2024 19:42;69.12GB;
Nombre 487;Apellido_487;NApellido_487@gmail.com;Activo;19/04/2024 19:42;61.66GB;
Nombre 488;Apellido_488;NApellido_488@gmail.com;Activo;19/04/2024 19:42;62.44GB;
Nombre 489;Apellido_489;NApellido_489@gmail.com;Activo;19/04/2024 19:42;48.32GB;
Nombre 490;Apellido_490;NApellido_490@gmail.com;Activo;19/04/2024 19:42;42.05GB;
Nombre 491;Apellido_491;NApellido_491@gmail.com;Activo;19/04/2024 19:42;49.54GB;
Nombre 492;Apellido_492;NApellido_492@gmail.com;Activo;19/04/2024 19:42;90.53GB;
Nombre 493;Apellido_493;NApellido_493@gmail.com;Activo;19/04/2024 19:42;98.48GB;
Nombre 494;Apellido_494;NApellido_494@gmail.com;Activo;19/04/2024 19:42;79.08GB;
Nombre 495;Apellido_495;NApellido_495@gmail.com;Activo;19/04/2024 19:42;96.61GB;
Nombre 496;Apellido_496;NApellido_496@gmail.com;Activo;19/04/2024 19:42;23.78GB;
Nombre 497;Apellido_497;NApellido_497@gmail.com;Activo;19/04/2024 19:42;63.65GB;
Nombre 498;Apellido_498;NApellido_498@gmail.com;Activo;19/04/2024 19:42;97.24GB;
Nombre 499;Apellido_499;NApellido_499@gmail.com;Activo;19/04/2024 19:42;88.9GB;
Nombre 500;Apellido_500;NApellido_500@gmail.com;Activo;19/04/2024 19:42;39GB;
Nombre 501;Apellido_501;NApellido_501@gmail.com;Activo;19/04/2024 19:42;24.43GB;
Nombre 502;Apellido_502;NApellido_502@gmail.com;Activo;19/04/2024 19:42;69.48GB;
Nombre 503;Apellido_503;NApellido_503@gmail.com;Activo;19/04/2024 19:42;52.36GB;
Nombre 504;Apellido_504;NApellido_504@gmail.com;Activo;19/04/2024 19:42;43.81GB;
